{
  "section": {
    "id": "form",
    "form": {
      "id": "emailForm",
      "method": "post",
      "action": "/send-email",
      "fieldset": {
        "legend": "Subscribe to our Newsletter",
        "fields": [
          {
            "type": "text",
            "id": "firstName",
            "name": "firstName",
            "label": "First Name*"
          },
          {
            "type": "text",
            "id": "lastName",
            "name": "lastName",
            "label": "Last Name*"
          },
          {
            "type": "email",
            "id": "email",
            "name": "email",
            "label": "Email*",
            "required": true
          },
          {
            "type": "text",
            "id": "message",
            "name": "message",
            "label": "Comments"
          }
        ],
        "submit": {
          "type": "submit",
          "value": "Submit"
        }
      }
    }
  },
 "navbar": [
    { "label": "Home", "href": "index.html"},
    { "label": "Life Below Water", "href": "goalOne.html" },
    { "label": "Affordable Clean Energy", "href": "goalTwo.html" },
    { "label": "Zero Hunger", "href": "goalThree.html" },
    { "label": "Team", "href": "team.html" },
    { "label": "Join Us", "href": "form.html","active": true }
  ],


  "footer": {
    "id": "footer_external",
    "links": [
      { "href": "index.html", "label": "Home" },
      { "href": "team.html", "label": "About Us" },
      { "href": "https://www.un.org/sustainabledevelopment", "label": "UN Sustainable Development Website" },
      { "href": "form.html", "label": "Sign Up" }
    ],
    "note": "@ 2025 P10 UN Website"
  }

}