{
  "section": {
    "id": "form",
    "form": {
      "id": "emailForm",
      "method": "post",
      "action": "/send-email",
      "fieldset": {
        "legend": "Subscribe to our Newsletter",
        "fields": [
          {
            "type": "text",
            "id": "firstName",
            "name": "firstName",
            "label": "First Name*"
          },
          {
            "type": "text",
            "id": "lastName",
            "name": "lastName",
            "label": "Last Name*"
          },
          {
            "type": "email",
            "id": "email",
            "name": "email",
            "label": "Email*",
            "required": true
          },
          {
            "type": "text",
            "id": "message",
            "name": "message",
            "label": "Comments"
          }
        ],
        "submit": {
          "type": "submit",
          "value": "Submit"
        }
      }
    }
  }
}