{
    "banner": {
      "imageURL": "assets/Banner.jpeg",
      "alt": "Image of Banner",
      "quote": "Welcome to our website, where you can look at the three UN Sustainable Development Goals we have chosen!"
    },
    "goals": [
      {
        "goalname": "Life Below Water",
        "imageURL": "assets/lifebelowwater.jpeg",
        "linkURL": "https://www.un.org/sustainabledevelopment/oceans",
        "alt": "Image of Life Below Water"
      },
      {
        "goalname": "Zero Hunger",
        "imageURL": "assets/zerohunger.jpeg",
        "linkURL": "https://www.un.org/sustainabledevelopment/hunger",
        "alt": "Image of Zero Hunger"
      },
      {
        "goalname": "Affordable Clean Energy",
        "imageURL": "assets/affordable_clean_energy.jpeg",
        "linkURL": "https://www.un.org/sustainabledevelopment/energy",
        "alt": "Image of Affordable Clean Energy"
      }
    ],
    "info": {
      "style": "General Info",
      "quote": "We make sure that we try our very best to fulfill our goals, and you can help with that!"
    }
  }