[
    {
        "Name": "Kambi Memeh",
        "Role": "Home page",
        "Email": "K.Memeh@uea.ac.uk"
    },

    {
        "Name": "Shuyi Pan",
        "Role": "Life below water page",
        "Email": "S.Pan@uea.ac.uk"
    },

    {
        "Name": "Isaac McAnulty",
        "Role": "Affordable clean energy and zero hunger pages",
        "Email": "I.McAnulty@uea.ac.uk"
    },

    {
        "Name": "Ren Porter",
        "Role": "Team page and file management",
        "Email": "R.Porter@uea.ac.uk"
    },

    {
        "Name": "Gabriel Attfield-Downes",
        "Role": "Form page and email management",
        "Email": "G.Attfield-Downes@uea.ac.uk"
    }
]